instance,ks-noInit-noLS,ks-noInit-shortLS,ks-noInit-LS,ks-noInit-LSnonPerm,ks-mNEH-noLS,ks-mNEH-shortLS,ks-mNEH-LS,ks-mNEH-LSnonPerm,ks-NEH-noLS,ks-NEH-shortLS,ks-NEH-LS,ks-NEH-LSnonPerm,ks-LK-noLS,ks-LK-shortLS,ks-LK-LS,ks-LK-LSnonPerm,timeMeasure,instanceSet,bufferType,instanceSize
LGF-Berlin-100-80000-1--maxScore-160000-interBuf-14435-evaluation,0.922521963856497,0.931687887834235,0.91931572900891,1,0.946440598389144,0.957697996713471,0.936855548561468,0.923457648034003,0.951194638513044,0.933110838272475,0.913413481414079,0.934830241046703,0.912748385300783,0.941691440276385,0.933431181301275,0.918347428842091,evaluation,Berlin,interBuf,mid
LGF-Berlin-100-80000-1--maxScore-160000-spanBuf-65585-evaluation,0.955662359683793,0.977416141183335,0.983376693959878,1,0.968976687542273,0.977082425634729,0.934657332391414,0.939010475238817,0.956029767667596,0.952512116992971,0.953902531595431,0.942810801433733,0.941035129878822,0.960594290435811,0.947303426951842,0.93366140005104,evaluation,Berlin,spanBuf,mid
LGF-Berlin-100-80000-2--maxScore-160000-interBuf-10772-evaluation,0.917158492210211,0.934141463247558,0.909543236046222,1,0.909264614301594,0.934489639214397,0.927612435128948,0.897023557019119,0.944552815338722,0.930321163179792,0.926473575832767,0.909282266013403,0.887470661114097,0.938114960740731,0.87393657545617,0.863569109731057,evaluation,Berlin,interBuf,mid
LGF-Berlin-100-80000-2--maxScore-160000-spanBuf-57408-evaluation,0.922943603810791,0.941882307966383,0.961428079818971,0.968437347423609,0.982272649714029,0.967914073148701,0.950629159085202,0.885686301592171,1,0.959455109803718,0.952978243350874,0.911011298812819,0.952794315050924,0.961757082000121,0.917930601488132,0.888540667146885,evaluation,Berlin,spanBuf,mid
LGF-Berlin-100-80000-3--maxScore-160000-interBuf-17570-evaluation,0.90703602682215,0.901178508701291,0.95190013006286,1,0.937743621819392,0.963952220511029,0.904911925339078,0.927400654401568,0.96205089205894,0.920026566031306,0.936793710204939,0.886846931423073,0.877717752822208,0.884620706336399,0.904497641604741,0.901097689795039,evaluation,Berlin,interBuf,mid
LGF-Berlin-100-80000-3--maxScore-160000-spanBuf-61596-evaluation,0.956199685732276,0.951736915725855,0.9655603818558,1,0.959413065309715,0.923217356584446,0.940835181992786,0.924642871609485,0.937711863738061,0.951973326697976,0.938228138166275,0.918931658080505,0.909449231874766,0.914656059911824,0.899149730631423,0.918572675331563,evaluation,Berlin,spanBuf,mid
LGF-Berlin-150-80000-1--maxScore-160000-interBuf-12872-evaluation,0.885291362742506,0.918516895169253,0.931934399504206,1,0.952106057209212,0.898138265099513,0.895818057851633,0.903545838120899,0.925258868753229,0.917753768572809,0.932167411411585,0.88842240774883,0.909997260808112,0.908113509894313,0.900153053711765,0.899531800623454,evaluation,Berlin,interBuf,large
LGF-Berlin-150-80000-1--maxScore-160000-spanBuf-59981-evaluation,0.95337859396286,0.977356868860687,0.952198232594824,1,0.953381282713129,0.954877841112783,0.962089427833941,0.924435631318564,0.935100648885066,0.98271241127124,0.938638058363806,0.922237577973758,0.922554133505414,0.977783932028393,0.902769771276977,0.908169767691976,evaluation,Berlin,spanBuf,large
LGF-Berlin-150-80000-2--maxScore-160000-interBuf-13127-evaluation,0.973660413041815,0.946174349858609,0.953174810406847,1,0.983800432598602,0.94722755452069,0.954444720244602,0.94599791380482,0.977979793654971,0.958533309447751,0.934264319353556,0.946950604828681,0.938949862476174,0.927394375326839,0.895047447132651,0.905885730079578,evaluation,Berlin,interBuf,large
LGF-Berlin-150-80000-2--maxScore-160000-spanBuf-59045-evaluation,0.922822957248053,0.952221099008424,0.915553805919136,1,0.966535583657636,0.942600330373894,0.936224442568282,0.943340161107049,0.981799133510804,0.969673052800791,0.924012956469101,0.940792932276146,0.926642883565383,0.928581358850391,0.898318945989211,0.903202160669019,evaluation,Berlin,spanBuf,large
LGF-Berlin-150-80000-3--maxScore-160000-interBuf-9406-evaluation,0.94117446847133,0.938643750992716,0.906107553089836,1,0.901834854868027,0.917204545569145,0.917665922287017,0.907157232395201,0.914317474454099,0.942506362838752,0.916231132087364,0.901157759322709,0.936539507587503,0.933849167631019,0.874485205690818,0.885128148643981,evaluation,Berlin,interBuf,large
LGF-Berlin-150-80000-3--maxScore-160000-spanBuf-64224-evaluation,0.894746213417924,0.942213311231911,0.895193382150063,1,0.940519404632326,0.95397138473398,0.922667453782555,0.908207908818913,0.928722293291109,0.958271552861649,0.932795565018846,0.920907924752004,0.921499763123336,0.932872315883594,0.945805234038027,0.913610056853932,evaluation,Berlin,spanBuf,large
LGF-Berlin-50-80000-1--maxScore-160000-interBuf-13249-evaluation,0.884827106436151,0.890744907124862,0.886904856633139,1,0.884266032460621,0.879282121392572,0.865840772683248,0.876748159330698,0.883724327133762,0.861252130088727,0.880656925346688,0.871079190262182,0.886731155631039,0.861541796248476,0.86160261627265,0.851669460316661,evaluation,Berlin,interBuf,small
LGF-Berlin-50-80000-1--maxScore-160000-spanBuf-67435-evaluation,0.977953323579134,0.980817665948562,0.983114659733044,1,0.973107581075474,0.966995504050462,0.972031802720129,0.926215764538816,0.980858945118021,0.978477113040487,0.968967904365761,0.966641391175209,0.998333473530514,0.979365215171871,0.983108179863425,0.976155159758188,evaluation,Berlin,spanBuf,small
LGF-Berlin-50-80000-2--maxScore-160000-interBuf-10963-evaluation,0.975076286576609,0.978275050152616,1,0.99466633766496,0.96723226339699,0.951537047912683,0.926413682692026,0.95336425782675,0.960599738993835,0.947573522086954,0.919922873552055,0.949908072643248,0.938991996005303,0.929178630838826,0.939920481064969,0.937527993974604,evaluation,Berlin,interBuf,small
LGF-Berlin-50-80000-2--maxScore-160000-spanBuf-51138-evaluation,0.993232347427115,0.994664188065851,0.993930408519673,0.994515825223958,1,0.972466640833766,0.944939327552778,0.955802430970906,0.996038195039141,0.977802691421278,0.939261525346615,0.957340392805937,0.937102110149186,0.933066163542945,0.93131794809337,0.944882687154158,evaluation,Berlin,spanBuf,small
LGF-Berlin-50-80000-3--maxScore-160000-interBuf-9776-evaluation,0.989870516040141,1,0.982958955480425,0.990260386715148,0.994076131688061,0.971032032585403,0.958004450328054,0.963487876055306,0.985664204904264,0.984512973632268,0.958486423479037,0.953769326119867,0.974261282503632,0.972613174767378,0.949383479736859,0.954193474415385,evaluation,Berlin,interBuf,small
LGF-Berlin-50-80000-3--maxScore-160000-spanBuf-58723-evaluation,0.970301240672528,0.977797501558035,0.985760699566423,0.948286630159861,0.992043703088541,0.982495701562729,0.950665505056223,0.927369516674998,1,0.95786735624208,0.969264295204881,0.930882063704023,0.959096530651612,0.946306126649154,0.958726654117804,0.951702005291807,evaluation,Berlin,spanBuf,small
LGF-brazil58-gen4-45.oplib-11428--maxScore-22856-interBuf-898-evaluation,0.940011837294231,0.982862788538199,0.982261101534947,0.879377701312896,1,0.968685141320113,0.925963742322272,0.8535748216542,0.993632495927946,0.973259635887413,0.934811346411158,0.868063395409127,0.972194553330624,0.93523824361217,0.885106487081018,0.847994980568221,evaluation,oplib,interBuf,mid
LGF-brazil58-gen4-45.oplib-11428--maxScore-22856-spanBuf-4775-evaluation,0.94567426383228,0.955293487949772,0.955545549719886,0.719218377335379,0.978192532727573,0.955666929004225,0.895341935297073,0.784307115175988,0.989061084775728,0.937672433267484,0.888372776924827,0.745609354643985,1,0.921325075516969,0.840656162989394,0.753170966470205,evaluation,oplib,spanBuf,mid
LGF-gr120-gen4-85.oplib-5901--maxScore-11802-interBuf-227-evaluation,0.924875532627866,0.973790466499451,0.968049615081087,0.811198041942345,0.963929108629476,0.739009456486113,0.630704875473484,0.631439567394119,0.955145510937064,0.737885207734632,0.656523097285098,0.656890935038979,1,0.738082960742841,0.534855997699274,0.515262799152257,evaluation,oplib,interBuf,large
LGF-gr120-gen4-85.oplib-5901--maxScore-11802-spanBuf-962-evaluation,0.901476034907795,0.957770144297163,0.955883223101852,0.711831168641093,0.890182371348703,0.621765832368255,0.53901046780554,0.578422255648021,0.893941170424539,0.626991749746252,0.557493571478364,0.574627056491731,1,0.63564227128866,0.446762490876637,0.494229175247584,evaluation,oplib,spanBuf,large
LGF-gr48-gen4-80.oplib-4037--maxScore-8074-interBuf-189-evaluation,0.924021934243441,0.960926135995127,0.955154886746264,0.782646258155489,0.970763442008365,0.8318103458362,0.721237773525353,0.695623474217679,0.980031633375927,0.861139652872745,0.762674265113996,0.7307588677689,1,0.811443683243862,0.665155749360438,0.641924157860206,evaluation,oplib,interBuf,small
LGF-gr48-gen4-80.oplib-4037--maxScore-8074-spanBuf-1011-evaluation,0.933394799013943,0.992645669332087,1,0.829206039107762,0.928586641772385,0.739024149177732,0.625451718407967,0.670480558080679,0.959332111726886,0.759490996944794,0.623351173414526,0.601493680449666,0.970051315330143,0.742033890605659,0.583479603429957,0.541215671237846,evaluation,oplib,spanBuf,small
LGF-hk48-gen4-80.oplib-9169--maxScore-18338-interBuf-479-evaluation,0.915857952952822,0.94270719652937,0.949251822797581,0.791725274444177,0.967344601594756,0.839734413915951,0.743880721973562,0.747838656805375,0.966706406395002,0.838524934515866,0.752648232963505,0.739670252946699,1,0.824627103974723,0.689422754072252,0.648445157523341,evaluation,oplib,interBuf,small
LGF-hk48-gen4-80.oplib-9169--maxScore-18338-spanBuf-2618-evaluation,0.943621254517543,0.985792888650047,0.973506172624272,0.767206929491984,1,0.857851483492276,0.731158157215599,0.74550747300501,0.996129233323927,0.850677157106172,0.736627228859296,0.71737048499789,0.995556037952516,0.802546069357132,0.689204052226834,0.644871972292103,evaluation,oplib,spanBuf,small
LGF-Leipzig-100-80000-1--maxScore-160000-interBuf-2933-evaluation,0.952803357746352,0.996485295898788,1,0.795387977193211,0.975400074208938,0.781433815094359,0.707943759676835,0.704089014690641,0.963574453728492,0.802926933066183,0.700142101212962,0.686293304637384,0.984540164573571,0.750840671998127,0.58545799837853,0.555754482736676,evaluation,Leipzig,interBuf,mid
LGF-Leipzig-100-80000-1--maxScore-160000-spanBuf-14878-evaluation,0.934761968513487,0.972895825757807,0.982940148864688,0.807975289211304,0.923007977493583,0.661125383935464,0.602610017122967,0.602676244807331,0.915444443112601,0.698655040178811,0.56314239316318,0.595536654430622,1,0.630561862312837,0.470831902439916,0.484656147719861,evaluation,Leipzig,spanBuf,mid
LGF-Leipzig-100-80000-2--maxScore-160000-interBuf-3379-evaluation,0.939653237360775,0.978368068120288,0.959806814938234,0.789511199228105,0.929094556354966,0.69936100753297,0.612058591701371,0.637122892850613,0.919430613318038,0.710579972503874,0.605786436851081,0.627673449823261,1,0.655705337652197,0.482955966897822,0.523769267383566,evaluation,Leipzig,interBuf,mid
LGF-Leipzig-100-80000-2--maxScore-160000-spanBuf-14459-evaluation,0.953616530860324,0.98693599956686,0.987823898536284,0.704838181335195,0.943259550521718,0.687209492458688,0.62801279487155,0.606272409676364,0.907489379255248,0.711302955917912,0.587778117200583,0.617594564510987,1,0.639257198846817,0.459749319459292,0.409029978015181,evaluation,Leipzig,spanBuf,mid
LGF-Leipzig-100-80000-3--maxScore-160000-interBuf-3248-evaluation,0.896979036918811,0.941206944179493,0.935569429300836,0.758907104564622,0.930153511112732,0.672744598454869,0.596616596035441,0.629105231791015,0.939971749794401,0.722963132104879,0.621183187575356,0.622506536716947,1,0.668435250502648,0.437911033328985,0.498257899705752,evaluation,Leipzig,interBuf,mid
LGF-Leipzig-100-80000-3--maxScore-160000-spanBuf-14385-evaluation,0.908831221249119,0.935385605457089,0.941410440442192,0.695084057929538,0.913762636795059,0.658983421142819,0.535178049894131,0.575837973230363,0.918697492916458,0.654208084682451,0.531647495408028,0.542081667094156,1,0.610967684178504,0.438369302119369,0.449975616345486,evaluation,Leipzig,spanBuf,mid
LGF-Leipzig-150-80000-1--maxScore-160000-interBuf-3135-evaluation,0.920705361463399,0.97013688624979,0.952020086128765,0.812491122158688,0.957661264921427,0.771834509169257,0.659620118676869,0.682837729002824,0.949329159267805,0.773877362142561,0.656940198860918,0.680847409653426,1,0.74376245086685,0.595614288399772,0.616194665321928,evaluation,Leipzig,interBuf,large
LGF-Leipzig-150-80000-1--maxScore-160000-spanBuf-16226-evaluation,0.935048366347143,0.963420690920522,0.966666825901916,0.802892886307329,0.923201694311306,0.712058657917213,0.595833079292747,0.609947698919783,0.925303373139054,0.718834494909166,0.583060609016854,0.628980649997214,1,0.722941745415856,0.570616827453891,0.529526414081989,evaluation,Leipzig,spanBuf,large
LGF-Leipzig-150-80000-2--maxScore-160000-interBuf-2685-evaluation,0.93658364585775,0.993678870024485,1,0.82396939119112,0.940524187858319,0.773552615373399,0.699807710618662,0.699151485686585,0.942163073017592,0.785569649137695,0.728196014597726,0.714821258921047,0.98637329855058,0.78047567620987,0.613489668488314,0.626037312865896,evaluation,Leipzig,interBuf,large
LGF-Leipzig-150-80000-2--maxScore-160000-spanBuf-14782-evaluation,0.932178978539797,0.993298558374949,0.996883814175276,0.768931132317072,0.943877669406193,0.734860302465173,0.642705496617186,0.648141210862614,0.927762628792848,0.73496622993658,0.66842676191048,0.655111267039396,1,0.728626621893925,0.580474665973273,0.590793253493387,evaluation,Leipzig,spanBuf,large
LGF-Leipzig-150-80000-3--maxScore-160000-interBuf-3008-evaluation,0.947435931918367,0.994729304380369,0.991212168549489,0.824605945947603,0.949556471133527,0.72897574441276,0.593618957977413,0.634171056546826,0.938086720766509,0.735709014245729,0.634531552237791,0.63879691113949,1,0.719626130822152,0.535218790187282,0.557045972568479,evaluation,Leipzig,interBuf,large
LGF-Leipzig-150-80000-3--maxScore-160000-spanBuf-14698-evaluation,0.941876157329594,0.99703251307192,1,0.83042350308462,0.908845735500183,0.711869030500691,0.579040711998291,0.611518561101092,0.896329579101039,0.675809895503119,0.595187253481645,0.617521072937141,0.978144194367166,0.707293941079648,0.502650812521849,0.531911660038631,evaluation,Leipzig,spanBuf,large
LGF-Leipzig-50-80000-1--maxScore-160000-interBuf-3307-evaluation,0.843484514191859,0.913636478438714,0.898081808719549,0.761364960116276,0.899618359965871,0.688618312894702,0.59608526891089,0.602940522743979,0.899507905120233,0.704521798870961,0.615770421457588,0.620263633441355,1,0.626170531713678,0.460105755485209,0.45456737937068,evaluation,Leipzig,interBuf,small
LGF-Leipzig-50-80000-1--maxScore-160000-spanBuf-13989-evaluation,0.901960817647339,0.932755459542532,0.919374700770937,0.773470794712022,0.885972263630557,0.67890609610223,0.627644797117117,0.673004257685606,0.880140842990301,0.694456763644687,0.656955592228641,0.607977704526055,1,0.652803865322325,0.372756379675226,0.343984489070291,evaluation,Leipzig,spanBuf,small
LGF-Leipzig-50-80000-2--maxScore-160000-interBuf-4608-evaluation,0.917245064581624,0.949438413722793,0.944320860597575,0.813851539962156,0.95413674322704,0.734399083914124,0.66076007554147,0.680483864862753,0.951648735381121,0.751105134796896,0.691550962353019,0.685412371668082,1,0.717450646597244,0.497271401946368,0.517750100966144,evaluation,Leipzig,interBuf,small
LGF-Leipzig-50-80000-2--maxScore-160000-spanBuf-14600-evaluation,0.924076253519342,0.932746964291039,0.911181734938792,0.735265210566496,0.858277241395342,0.605805495482346,0.513805666570969,0.54883877272489,0.848982911673844,0.600577368972141,0.527161926882401,0.534776909669939,1,0.551687669357178,0.324469389814998,0.313804398567211,evaluation,Leipzig,spanBuf,small
LGF-Leipzig-50-80000-3--maxScore-160000-interBuf-2882-evaluation,0.957240097728989,0.980899411974642,0.99049662108907,0.852953058284591,0.980782749754959,0.798864665911019,0.723248042247019,0.713915604906829,0.984483782615092,0.819431308215953,0.732865211604736,0.69294202385266,1,0.765843201427401,0.54214332410044,0.47365978624001,evaluation,Leipzig,interBuf,small
LGF-Leipzig-50-80000-3--maxScore-160000-spanBuf-15715-evaluation,0.926848290770389,0.980849508163981,0.991363480285637,0.866920835409914,0.960319835103533,0.760976243794592,0.6514546161297,0.688374167760482,0.94817624448882,0.773754212213843,0.647104356708147,0.696258236701428,1,0.776695134889282,0.610350416382128,0.586735171767966,evaluation,Leipzig,spanBuf,small
LGF-Berlin-100-80000-1--maxScore-160000-interBuf-14435-bitVector,0.935896920961033,0.961687950898455,0.950220508225952,0.950175160600775,0.98117479717195,1,0.986649119295134,0.955340147137928,0.983750218370411,0.974037836762803,0.962167556019973,0.962706328995293,0.937649822615206,0.984293526108249,0.987252026768921,0.955140941498757,bitVector,Berlin,interBuf,mid
LGF-Berlin-100-80000-1--maxScore-160000-spanBuf-65585-bitVector,0.95940102196221,0.988086939920228,0.994852453023598,0.984914578976368,0.983057483009424,1,0.967432163563589,0.967328313471452,0.969981525668722,0.974365911781941,0.985272205738322,0.970846705770312,0.947062390104276,0.984729459321432,0.982832186286519,0.961330436651494,bitVector,Berlin,spanBuf,mid
LGF-Berlin-100-80000-2--maxScore-160000-interBuf-10772-bitVector,0.929009083219845,0.973904463344367,0.947702123441199,0.915013681129485,0.952633654717629,0.991546262981646,0.999113183569552,0.932808312548752,0.988285823219911,0.98643675470533,1,0.942108036982735,0.91354477421427,0.995447692704639,0.947245759045907,0.898982368769878,bitVector,Berlin,interBuf,mid
LGF-Berlin-100-80000-2--maxScore-160000-spanBuf-57408-bitVector,0.908040902964448,0.938377363984191,0.957648186576244,0.934314060509329,0.982547939715004,0.980738836401107,0.982683165619275,0.905459254233489,1,0.972259893745854,0.979871528429505,0.93100146094447,0.944918590785964,0.975837027898218,0.946055306350631,0.910398219403768,bitVector,Berlin,spanBuf,mid
LGF-Berlin-100-80000-3--maxScore-160000-interBuf-17570-bitVector,0.925986911658351,0.926981164036233,0.978471921419297,0.972114703013242,0.966552002517227,1,0.946278834573271,0.972589908583254,0.991642928288874,0.955398289881132,0.977268736275721,0.92463977912617,0.898135301944281,0.918407275304098,0.945834927107672,0.946470804244214,bitVector,Berlin,interBuf,mid
LGF-Berlin-100-80000-3--maxScore-160000-spanBuf-61596-bitVector,0.970591168344616,0.987334868287815,1,0.976858166955075,0.988141883565751,0.967571670381046,0.998162579531861,0.977095505008373,0.952030805403005,0.99806065925724,0.99498262303249,0.969875200380972,0.934796833793953,0.960259329988417,0.953620563996926,0.957484089234716,bitVector,Berlin,spanBuf,mid
LGF-Berlin-150-80000-1--maxScore-160000-interBuf-12872-bitVector,0.895145630379593,0.960042909987758,0.976691269125637,0.950876678630817,0.99921759465483,0.952162755201252,0.962593792480368,0.947119661754152,0.970914604196665,0.972046645822614,1,0.926499806702985,0.934815300757219,0.962690573929951,0.969643682963116,0.948143400329378,bitVector,Berlin,interBuf,large
LGF-Berlin-150-80000-1--maxScore-160000-spanBuf-59981-bitVector,0.921037886703889,0.978447896501081,0.955266851261956,0.853162265777375,0.957169697880657,0.971388937683697,0.992130916571743,0.905105677482213,0.938330384517177,1,0.969148259957009,0.886960588483501,0.916043129379084,0.995837008035148,0.933214746857564,0.885585359625787,bitVector,Berlin,spanBuf,large
LGF-Berlin-150-80000-2--maxScore-160000-interBuf-13127-bitVector,0.948567269853334,0.955357892905024,0.964488560890646,0.948362212275539,0.998067145470152,0.976268403795742,1,0.968937676632649,0.991528132291059,0.986452551025134,0.978108884923865,0.96512924395661,0.927715741451317,0.956140670148312,0.942783736236809,0.934555272847631,bitVector,Berlin,interBuf,large
LGF-Berlin-150-80000-2--maxScore-160000-spanBuf-59045-bitVector,0.916244577427544,0.964596918133185,0.929643419903707,0.953015429335408,0.980441192004716,0.972537091989456,0.981856911680969,0.969006052279745,0.997796191906047,1,0.966752419425192,0.972329310236907,0.935863657310653,0.958697148586097,0.946604018429445,0.942087377093342,bitVector,Berlin,spanBuf,large
LGF-Berlin-150-80000-3--maxScore-160000-interBuf-9406-bitVector,0.952597342801798,0.975206258477442,0.945169548823839,0.941333078923682,0.94114724926477,0.973544161505885,0.990300272522514,0.936543236505573,0.955741846101518,1,0.986705713017617,0.907595621388663,0.954263670716482,0.993424035904945,0.946051658985985,0.913022262227218,bitVector,Berlin,interBuf,large
LGF-Berlin-150-80000-3--maxScore-160000-spanBuf-64224-bitVector,0.906928943811372,0.971195911558571,0.923177633794584,0.870240150384166,0.972459326596951,0.996333782307729,0.972158770467499,0.905693242865268,0.96005100490567,1,0.981108592960109,0.912457127762699,0.943130865577871,0.975461960990631,0.999936980166406,0.921320789611991,bitVector,Berlin,spanBuf,large
LGF-Berlin-50-80000-1--maxScore-160000-interBuf-13249-bitVector,0.896124443118331,0.907675750068188,0.904868575484799,1,0.903632792635739,0.905496374881308,0.89883935365692,0.923243130399135,0.903130199713161,0.885849308202677,0.912913343867336,0.906540940181975,0.90174232633881,0.886833794590448,0.897084191130206,0.892568301583015,bitVector,Berlin,interBuf,small
LGF-Berlin-50-80000-1--maxScore-160000-spanBuf-67435-bitVector,0.965426635419508,0.973967953502388,0.977794177572571,0.96070339872109,0.970901394111618,0.972236315587986,0.985842743424088,0.932987612460363,0.978068154997931,0.983051718148595,0.980831758581814,0.976119179222064,0.9872610076837,0.984996383090847,1,0.986121151428447,bitVector,Berlin,spanBuf,small
LGF-Berlin-50-80000-2--maxScore-160000-interBuf-10963-bitVector,0.951347191137441,0.977848932779447,1,0.987402763756568,0.973009927723678,0.974449423092205,0.96967030524519,0.986216709022542,0.966316621555029,0.969966861281745,0.966083679795376,0.979851300145377,0.920406934854071,0.954279546713972,0.988612959727509,0.969873599871792,bitVector,Berlin,interBuf,small
LGF-Berlin-50-80000-2--maxScore-160000-spanBuf-51138-bitVector,0.935876792567158,0.979374671783477,0.981949343566958,0.978048071096748,0.997815875580691,0.995315855382751,0.99727974146637,0.98568717430822,0.989456433043827,1,0.990141951120982,0.985194990910927,0.898086285598868,0.957695980609977,0.993390830135326,0.978664593011515,bitVector,Berlin,spanBuf,small
LGF-Berlin-50-80000-3--maxScore-160000-interBuf-9776-bitVector,0.964440749725988,0.996784427767898,0.981305549694512,0.980851759383269,0.994709569672958,0.987492995681143,0.988160902573835,0.987440573341417,0.987534148727105,1,0.989070294332818,0.976610580800281,0.963129889376788,0.990215737548608,0.989822117216548,0.985402441069892,bitVector,Berlin,interBuf,small
LGF-Berlin-50-80000-3--maxScore-160000-spanBuf-58723-bitVector,0.956395936623642,0.973656419747648,0.982402928254096,0.915167956941636,0.992623824295831,0.993749132180179,0.973367118592841,0.941916045786312,1,0.966564749535349,0.988151589790141,0.943251916731675,0.948067877590143,0.9576119159956,0.988407544358491,0.973532290146531,bitVector,Berlin,spanBuf,small
LGF-brazil58-gen4-45.oplib-11428--maxScore-22856-interBuf-898-bitVector,0.900987986408201,0.96336038429778,0.963182219416895,0.821517765313006,0.999035074171606,0.99837949499968,0.995187793709173,0.887503417167207,0.991250691911597,1,0.997866130979196,0.901442986578704,0.94056046063885,0.968040572772804,0.958930949012568,0.902597110663841,bitVector,oplib,interBuf,mid
LGF-brazil58-gen4-45.oplib-11428--maxScore-22856-spanBuf-4775-bitVector,0.879852177392815,0.934504032488192,0.931097901171163,0.673027907863849,0.973963413372315,1,0.996388168698705,0.840967201398293,0.98057202374696,0.977357143908539,0.986421416041247,0.793983660312031,0.948722367850258,0.978036681401213,0.963108038469186,0.822901588535806,bitVector,oplib,spanBuf,mid
LGF-gr120-gen4-85.oplib-5901--maxScore-11802-interBuf-227-bitVector,0.724055908569421,0.727928161153563,0.755676646824484,0.59696037758947,0.996729424123256,0.989541071232004,0.972122350827888,0.921063984951927,0.943568117477429,0.947829688725471,1,0.918721254902002,0.911577416684287,0.963486713178049,0.937672824444467,0.753694903369274,bitVector,oplib,interBuf,large
LGF-gr120-gen4-85.oplib-5901--maxScore-11802-spanBuf-962-bitVector,0.712312421037919,0.75111485247395,0.7551577377356,0.466551230567636,0.917222821826555,0.932046986119494,1,0.896071684975847,0.992055073737698,0.940309178319577,0.985560115122504,0.833470631958247,0.904572040068273,0.977366217034137,0.977332863206838,0.749437435298511,bitVector,oplib,spanBuf,large
LGF-gr48-gen4-80.oplib-4037--maxScore-8074-interBuf-189-bitVector,0.767103580543476,0.817694713178313,0.804286155350785,0.692388117662418,0.972719456387009,0.986835059044856,0.966514417322644,0.894096748129039,0.980618796360888,1,0.995395848494481,0.95643951934393,0.926862478184329,0.95748881736485,0.959491484582681,0.859096303240696,bitVector,oplib,interBuf,small
LGF-gr48-gen4-80.oplib-4037--maxScore-8074-spanBuf-1011-bitVector,0.826062115106673,0.835755771528653,0.816501141256064,0.641790394850059,0.923938555007324,0.954040229054954,0.977688517384502,0.937401704044009,0.932488532074588,0.956521465838315,0.955700316553939,0.834573715165706,1,0.963524997838573,0.981970140293978,0.818115393946764,bitVector,oplib,spanBuf,small
LGF-hk48-gen4-80.oplib-9169--maxScore-18338-interBuf-479-bitVector,0.771756992422176,0.817020916126371,0.805833482122037,0.659214179744221,1,0.997466463677986,0.99040539524334,0.975047373869006,0.977698030061264,0.969774189611188,0.993753501571531,0.966175774560017,0.958730107325593,0.964548669096154,0.998195883879271,0.864965135246216,bitVector,oplib,interBuf,small
LGF-hk48-gen4-80.oplib-9169--maxScore-18338-spanBuf-2618-bitVector,0.855226833016597,0.850667888311413,0.854974922474454,0.638041269479244,0.945431121333036,1,0.968751390129659,0.992495258869847,0.959179364356921,0.978171324905799,0.972816166534338,0.930268810560068,0.926315822068241,0.959756812320649,0.990366630244038,0.939344417523722,bitVector,oplib,spanBuf,small
LGF-Leipzig-100-80000-1--maxScore-160000-interBuf-2933-bitVector,0.767331432892743,0.791904049920486,0.77761995090159,0.632917218430726,1,0.967369344155114,0.987065841220981,0.914557093363467,0.96255434778994,0.985719559085367,0.970546108408918,0.899651814985058,0.858849087236475,0.936665977169439,0.949721618265513,0.764887420178503,bitVector,Leipzig,interBuf,mid
LGF-Leipzig-100-80000-1--maxScore-160000-spanBuf-14878-bitVector,0.733703849733519,0.794764511092346,0.802968387968735,0.588640977178842,0.930575303459503,0.93186230936319,1,0.886013475640547,0.91610130409105,0.985739932224476,0.965984910887515,0.85906786568116,0.932046279600802,0.930596074843807,0.93744482387523,0.675032375857925,bitVector,Leipzig,spanBuf,mid
LGF-Leipzig-100-80000-2--maxScore-160000-interBuf-3379-bitVector,0.736346730843764,0.786495329354675,0.775111730620417,0.660260514755692,0.964183079753061,0.978694975539865,1,0.976674892084032,0.980257992401945,0.995850596058534,0.970659845414042,0.94919308727957,0.956669426774679,0.942368743535566,0.950899825494239,0.874638044280575,bitVector,Leipzig,interBuf,mid
LGF-Leipzig-100-80000-2--maxScore-160000-spanBuf-14459-bitVector,0.773099713824988,0.7862794787226,0.784903112318913,0.56422972981969,0.979244204081132,0.969593607298405,1,0.861065381862585,0.953132757367721,0.989543743942592,0.946698262752719,0.882145237070502,0.909354735415607,0.943990236202333,0.965146739432818,0.638173298674991,bitVector,Leipzig,spanBuf,mid
LGF-Leipzig-100-80000-3--maxScore-160000-interBuf-3248-bitVector,0.727642547556093,0.754451903375472,0.757839417662144,0.627409735549826,0.959727295472359,0.957033569414888,0.978683637335996,0.969003197015273,0.991609260932038,1,0.989966810557001,0.946187197874813,0.935155065653046,0.937966103127208,0.929829513645034,0.844511820626709,bitVector,Leipzig,interBuf,mid
LGF-Leipzig-100-80000-3--maxScore-160000-spanBuf-14385-bitVector,0.78138009704458,0.805053558676173,0.81602221319599,0.519979273198222,0.937106124047548,1,0.998909551417182,0.956432357675799,0.9938858799117,0.970144686601787,0.981560041844833,0.857228817939345,0.90131249950223,0.984409453120667,0.991401814496382,0.743130456871304,bitVector,Leipzig,spanBuf,mid
LGF-Leipzig-150-80000-1--maxScore-160000-interBuf-3135-bitVector,0.724541821454906,0.790564571568024,0.807118585612242,0.691143739729237,0.990864697037337,1,0.987714003584135,0.926963996225647,0.981468742875895,0.987656522289663,0.961799488479506,0.927925578867203,0.899159783565278,0.932152565439963,0.952044811963369,0.809688383944289,bitVector,Leipzig,interBuf,large
LGF-Leipzig-150-80000-1--maxScore-160000-spanBuf-16226-bitVector,0.778545465744547,0.847266070685105,0.848071177272902,0.526547300973428,0.954863676999191,0.960890916257971,0.973155521185643,0.918430163437459,0.974759752348623,0.973673129617757,0.95333484548971,0.869414932543113,0.932644674399875,0.98582871072213,1,0.833700739564109,bitVector,Leipzig,spanBuf,large
LGF-Leipzig-150-80000-2--maxScore-160000-interBuf-2685-bitVector,0.714163721472946,0.779021046227108,0.720250335782759,0.541086515121972,0.970771445648909,0.947095977797619,0.976423595419994,0.902893952378812,0.970814546424596,0.94147431621974,1,0.893774463544047,0.885594627675163,0.921347655372302,0.91429364041515,0.741959517596436,bitVector,Leipzig,interBuf,large
LGF-Leipzig-150-80000-2--maxScore-160000-spanBuf-14782-bitVector,0.751900425058552,0.821758478036477,0.808983083702214,0.522746136045361,0.970537899890611,0.960553910613347,1,0.893393003661589,0.956643540788704,0.957804780877789,0.999220958688699,0.821784031552586,0.907014521345629,0.979414548490151,0.973419700104975,0.647178674275792,bitVector,Leipzig,spanBuf,large
LGF-Leipzig-150-80000-3--maxScore-160000-interBuf-3008-bitVector,0.790498575041978,0.823737283636819,0.813111459083714,0.612576057461623,0.975756111446186,0.976639519014574,0.957825214088499,0.91678042748613,0.973138899598086,0.990929708328327,1,0.920320251286051,0.927441848853183,0.972917273515193,0.973933873825993,0.883394063945543,bitVector,Leipzig,interBuf,large
LGF-Leipzig-150-80000-3--maxScore-160000-spanBuf-14698-bitVector,0.760648289339055,0.83798412071577,0.817704022597415,0.540564671795962,0.951901270431544,0.986919208966398,0.969695107283382,0.900010403032216,0.9460379706447,0.901487443307527,0.977400963098061,0.878781979720994,0.842805073324813,1,0.980377210001204,0.714930169646249,bitVector,Leipzig,spanBuf,large
LGF-Leipzig-50-80000-1--maxScore-160000-interBuf-3307-bitVector,0.667051708139557,0.71291578908658,0.748904558589887,0.669518605826593,0.969470371796868,1,0.974599893576307,0.956473732128029,0.97307492074943,0.991037389906437,0.982616921638122,0.963873307720039,0.917991787482571,0.972661355595666,0.96187551001459,0.876547093635581,bitVector,Leipzig,interBuf,small
LGF-Leipzig-50-80000-1--maxScore-160000-spanBuf-13989-bitVector,0.699612808158145,0.714788483048619,0.723562686464741,0.62914720904616,0.931382143655517,0.951494798480303,0.986663521966296,0.945751398653332,0.93800149933256,0.966995765793399,1,0.865630746463024,0.884141043025483,0.969324745593898,0.945754210769257,0.633015913617934,bitVector,Leipzig,spanBuf,small
LGF-Leipzig-50-80000-2--maxScore-160000-interBuf-4608-bitVector,0.70556275969488,0.782015071958126,0.763601593938425,0.703316439098329,0.978740404433141,0.980299835309873,1,0.987394205629151,0.985372053650243,0.985643184391766,0.997679460023457,0.975962018077808,0.94254839827918,0.971212630010073,0.95322713210617,0.924628640482902,bitVector,Leipzig,interBuf,small
LGF-Leipzig-50-80000-2--maxScore-160000-spanBuf-14600-bitVector,0.78925401081068,0.747822372715767,0.795177326357731,0.624271738495588,0.980734210435304,0.981498042829719,0.957118906435679,0.923157119365646,0.934333733372806,0.964911460592763,1,0.917362633940634,0.935063376096849,0.966437223962359,0.977496810997062,0.690846237751452,bitVector,Leipzig,spanBuf,small
LGF-Leipzig-50-80000-3--maxScore-160000-interBuf-2882-bitVector,0.750523935600978,0.744791931874181,0.749656784061906,0.695584383370213,0.968697537331886,0.989354618813565,0.999668351951473,0.92305008167247,0.954900478470449,1,0.994303245763177,0.902213618670384,0.901349706844676,0.954596227128415,0.955904965684744,0.719823742690133,bitVector,Leipzig,interBuf,small
LGF-Leipzig-50-80000-3--maxScore-160000-spanBuf-15715-bitVector,0.780803061794757,0.739128176851562,0.765919851671169,0.637151134861386,0.946215454257605,0.948384332569357,0.972009772851504,0.914750982207716,0.93934294034459,0.95764950832399,0.954326655183294,0.916113060038911,0.93328166972829,0.969185075139408,1,0.724286482791573,bitVector,Leipzig,spanBuf,small
LGF-Berlin-100-80000-1--maxScore-160000-interBuf-14435-time,0.904492595329441,0.913423755292287,0.901252077849024,1,0.928306441245387,0.938560762427722,0.916228380336167,0.907197797373073,0.933284110798785,0.914123077932353,0.892865197691837,0.918017892472803,0.895195118656664,0.922321706343168,0.911638317868779,0.899274517701674,time,Berlin,interBuf,mid
LGF-Berlin-100-80000-1--maxScore-160000-spanBuf-65585-time,0.955834905302945,0.977490699911627,0.983506789453425,1,0.968725708490343,0.971893534625736,0.922535545582601,0.930979368432039,0.955953436578992,0.947718473666436,0.943565663667252,0.934888291046974,0.941544208603001,0.951635325130488,0.935125052503533,0.923748358402046,time,Berlin,spanBuf,mid
LGF-Berlin-100-80000-2--maxScore-160000-interBuf-10772-time,0.90136228377732,0.91794528943028,0.89394307845838,1,0.894270393998917,0.916022390229696,0.905711393502135,0.882380450028621,0.92905005818368,0.911364670983803,0.901888679124982,0.891322404931831,0.872578257030419,0.918511246019101,0.850905303681879,0.845310134260664,time,Berlin,interBuf,mid
LGF-Berlin-100-80000-2--maxScore-160000-spanBuf-57408-time,0.922866423107212,0.94173542415831,0.961311011447236,0.966110909860244,0.98201875445476,0.962061259217736,0.932950845550807,0.87726978000067,1,0.952324650457685,0.939195923300081,0.901356073280055,0.953078551185102,0.952872159119324,0.90474192946575,0.876974238391098,time,Berlin,spanBuf,mid
LGF-Berlin-100-80000-3--maxScore-160000-interBuf-17570-time,0.906105211707387,0.900202477965567,0.950849856652357,1,0.936888273079805,0.96154920522365,0.89805411477624,0.918394830412844,0.961291739528494,0.91642779250186,0.932770210536353,0.881614496209642,0.877090274299903,0.881535578634768,0.899364239091094,0.890225074774981,time,Berlin,interBuf,mid
LGF-Berlin-100-80000-3--maxScore-160000-spanBuf-61596-time,0.957826705974376,0.95322785994066,0.967227066559842,1,0.961447955842305,0.923134748413713,0.936262649120059,0.920513449407634,0.940464910192119,0.951880567716489,0.933062131503399,0.914111992387594,0.911359834052235,0.913094853716987,0.895013173453672,0.913059950866066,time,Berlin,spanBuf,mid
LGF-Berlin-150-80000-1--maxScore-160000-interBuf-12872-time,0.872029864016032,0.904759327187283,0.91800547133961,1,0.938497875351353,0.884354903601016,0.8797899361815,0.890423069973903,0.912210929883574,0.904285739233799,0.915771695513568,0.876264677233091,0.89671735348921,0.893731564355695,0.883866086674541,0.884648392395677,time,Berlin,interBuf,large
LGF-Berlin-150-80000-1--maxScore-160000-spanBuf-59981-time,0.936530601476028,0.960106296057565,0.935452788487637,1,0.937550273346941,0.937427207981611,0.943643374365985,0.910472457363401,0.919577620638195,0.964697858671452,0.920193035557434,0.912445643560946,0.90666535937245,0.958234328259992,0.884936261919039,0.895947396735869,time,Berlin,spanBuf,large
LGF-Berlin-150-80000-2--maxScore-160000-interBuf-13127-time,0.961605874697255,0.934519035263813,0.941512943356728,1,0.972203619985631,0.934369894157772,0.937635274599674,0.934076643590808,0.967026450257706,0.945421902656851,0.918070901854775,0.936043859592572,0.927737085221445,0.912943183764013,0.877740300757152,0.893174400436244,time,Berlin,interBuf,large
LGF-Berlin-150-80000-2--maxScore-160000-spanBuf-59045-time,0.908626242774945,0.937696375346208,0.901849879204591,1,0.952760572157816,0.926245717187155,0.91803109589251,0.930260243951497,0.96796835385648,0.953548869533559,0.907523676020877,0.929311499712744,0.912749856200036,0.911717060172994,0.879875541411377,0.889004752840425,time,Berlin,spanBuf,large
LGF-Berlin-150-80000-3--maxScore-160000-interBuf-9406-time,0.919472123639257,0.917191875025407,0.885493208759504,1,0.882023599961072,0.895040657517237,0.892692733631361,0.895251844401384,0.894214387870619,0.918899694006142,0.892849025784047,0.893037731235395,0.915377962159744,0.909785705750689,0.849573114546904,0.871859682599124,time,Berlin,interBuf,large
LGF-Berlin-150-80000-3--maxScore-160000-spanBuf-64224-time,0.869550634938481,0.915621304895611,0.870012030467564,1,0.914411129354882,0.92438421261161,0.893402516323413,0.888516980119882,0.903286704499611,0.930175619746868,0.903960159887465,0.900785531900493,0.895902314699061,0.903623646915953,0.913480694178677,0.890534426058575,time,Berlin,spanBuf,large
LGF-Berlin-50-80000-1--maxScore-160000-interBuf-13249-time,0.883896308398823,0.889710411676479,0.88591253808629,1,0.883346887041705,0.875583243992267,0.859945260029652,0.866337876753338,0.882678755169239,0.8582932978114,0.875205416651103,0.866693268670001,0.886148233315101,0.858745827719853,0.854291779598827,0.842326918404456,time,Berlin,interBuf,small
LGF-Berlin-50-80000-1--maxScore-160000-spanBuf-67435-time,0.978981396717455,0.981704672649154,0.983976353079645,0.995813155576752,0.973315357660756,0.959703305241539,0.960640993957249,0.916638980348562,0.98102649809024,0.972920977879153,0.959464826275763,0.958551057577283,1,0.97292157888461,0.970223905785425,0.965252508837185,time,Berlin,spanBuf,small
LGF-Berlin-50-80000-2--maxScore-160000-interBuf-10963-time,0.975033131363975,0.978158357288063,1,0.993453110729261,0.966799175445342,0.941416710715353,0.905928523308865,0.939902836901968,0.960199586188373,0.936950637040273,0.894587769784113,0.937531087363323,0.93968544945876,0.915714794011849,0.917078906471953,0.925535503155206,time,Berlin,interBuf,small
LGF-Berlin-50-80000-2--maxScore-160000-spanBuf-51138-time,0.993549164207205,0.994808856104541,0.994107160826586,0.993932254481487,1,0.960328183852761,0.918224238054781,0.943186725141803,0.996400129671119,0.968801229964984,0.914732798514259,0.947940961426025,0.938471418854281,0.921696968905679,0.900342313292054,0.93269919102034,time,Berlin,spanBuf,small
LGF-Berlin-50-80000-3--maxScore-160000-interBuf-9776-time,0.989865554123539,1,0.983079609461108,0.990076232935639,0.994431421115046,0.967347765428227,0.950651270815591,0.959498687779071,0.986055050174849,0.979198051101741,0.94738445732964,0.948133758387777,0.974785125002599,0.96533707467103,0.931211976573709,0.945753684071819,time,Berlin,interBuf,small
LGF-Berlin-50-80000-3--maxScore-160000-spanBuf-58723-time,0.970072207708977,0.977442620351656,0.985434981496866,0.946772520386737,0.991622066412208,0.976898498917378,0.938173353058431,0.922930159057818,1,0.954233341583669,0.960033183947669,0.927161323933068,0.959651397084949,0.942730745844965,0.944205006518437,0.942078846725323,time,Berlin,spanBuf,small
LGF-brazil58-gen4-45.oplib-11428--maxScore-22856-interBuf-898-time,0.939130075771253,0.982001317897826,0.981462179438816,0.887541845689709,1,0.954486628977403,0.890356180283726,0.844633125217327,0.993500178301297,0.958787545450366,0.905816264199146,0.858581929911483,0.971794541360533,0.92118819812903,0.849760426331213,0.83193011333549,time,oplib,interBuf,mid
LGF-brazil58-gen4-45.oplib-11428--maxScore-22856-spanBuf-4775-time,0.945161458963325,0.95484600965299,0.955290150921618,0.74774952208902,0.981212025269661,0.942533340412973,0.877028287416556,0.775692436873353,0.991899649430358,0.929342953147415,0.866947825482272,0.74023757108328,1,0.903068894764054,0.8185168458457,0.747129378522578,time,oplib,spanBuf,mid
LGF-gr120-gen4-85.oplib-5901--maxScore-11802-interBuf-227-time,0.924593779657033,0.973812529480964,0.968706221707313,0.820308532898654,0.961787573120461,0.690463246876993,0.619457438118562,0.621362418217607,0.95056320871871,0.676426665805184,0.641514622375575,0.642756264014971,1,0.665033550547143,0.480705148053746,0.493100111139406,time,oplib,interBuf,large
LGF-gr120-gen4-85.oplib-5901--maxScore-11802-spanBuf-962-time,0.901158921372584,0.958076113635015,0.957098201664005,0.728406513152011,0.889409699037199,0.587149885152068,0.533792051442429,0.579204127575685,0.894261048595009,0.590991934594753,0.552320335014974,0.575861089514617,1,0.590108128818199,0.441933296776437,0.497210262475913,time,oplib,spanBuf,large
LGF-gr48-gen4-80.oplib-4037--maxScore-8074-interBuf-189-time,0.923487747921871,0.960623529910767,0.955094637129768,0.785148015733187,0.974550414529275,0.799021655202819,0.687528788255767,0.668908097207166,0.983870354522823,0.835114700300787,0.734838948051828,0.705603944616343,1,0.76371122699063,0.61858587983937,0.613503836304666,time,oplib,interBuf,small
LGF-gr48-gen4-80.oplib-4037--maxScore-8074-spanBuf-1011-time,0.934468405707693,0.993490497849145,1,0.833446291008547,0.929319752678289,0.679483381711384,0.583008956772721,0.656609278360179,0.960149077588743,0.707306143875217,0.585718284667999,0.587764066423639,0.972150868551734,0.668738785365962,0.5210431273112,0.49951940506459,time,oplib,spanBuf,small
LGF-hk48-gen4-80.oplib-9169--maxScore-18338-interBuf-479-time,0.915255961108289,0.94229411618819,0.949190117684188,0.797897671314265,0.971683431207307,0.800264655076842,0.712908476379659,0.734607344162262,0.972650135173369,0.805216602197347,0.716593139811082,0.717836094803515,1,0.781108283854812,0.646968838980941,0.620829732674715,time,oplib,interBuf,small
LGF-hk48-gen4-80.oplib-9169--maxScore-18338-spanBuf-2618-time,0.942693815048036,0.984758877109047,0.972237459037546,0.767291066028447,1,0.815035748774649,0.689317727110151,0.701262299746953,0.996591256687419,0.807179512252994,0.68079768449089,0.693354651316898,0.995457319373243,0.743607542905467,0.625781548605423,0.584395055780689,time,oplib,spanBuf,small
LGF-Leipzig-100-80000-1--maxScore-160000-interBuf-2933-time,0.952817216480088,0.996614763128456,1,0.799931103667627,0.971748944759636,0.734565794007031,0.684453374142121,0.686567901548317,0.956281251521623,0.763831049447421,0.664933757207206,0.661092761632794,0.984914803466054,0.687826510525197,0.524702435411797,0.509352478081178,time,Leipzig,interBuf,mid
LGF-Leipzig-100-80000-1--maxScore-160000-spanBuf-14878-time,0.93436866602793,0.9719152712976,0.982610359362661,0.817096639797276,0.916895969958352,0.607793427578968,0.588956325245458,0.601989995608823,0.907144798917779,0.664258839334839,0.544643042857615,0.578850202023531,1,0.563115492753015,0.43277864433941,0.454377544899762,time,Leipzig,spanBuf,mid
LGF-Leipzig-100-80000-2--maxScore-160000-interBuf-3379-time,0.939123836688426,0.978112637619279,0.959524038149806,0.798098394436873,0.924780918131104,0.657298634272677,0.588887017071712,0.631609984698438,0.91247643453832,0.677356023926775,0.593428366924635,0.608470111704925,1,0.607456333784176,0.444185842695351,0.500938514366935,time,Leipzig,interBuf,mid
LGF-Leipzig-100-80000-2--maxScore-160000-spanBuf-14459-time,0.953054235226952,0.986024755421731,0.987441431990108,0.715550064735448,0.940968390844157,0.662470779390148,0.622420340442521,0.606059447933792,0.900645805816845,0.683594183011131,0.584288304945616,0.615650287849951,1,0.580879052667196,0.431563049499615,0.3752174904527,time,Leipzig,spanBuf,mid
LGF-Leipzig-100-80000-3--maxScore-160000-interBuf-3248-time,0.896597013457563,0.941225662301353,0.936200804644551,0.768087771057401,0.927039968016213,0.627141958305646,0.580988070307871,0.621218905923867,0.936969217299108,0.678008777251369,0.604430502889888,0.615279405913362,1,0.595214412508797,0.420035023597742,0.479874281007864,time,Leipzig,interBuf,mid
LGF-Leipzig-100-80000-3--maxScore-160000-spanBuf-14385-time,0.908335431381869,0.935912653848789,0.941927231837492,0.703166178570334,0.913442986981828,0.627241417720522,0.526026064234741,0.576331874938927,0.920937691878008,0.618552124094117,0.520218541304179,0.540655303963935,1,0.555721761208592,0.426616118737211,0.453984303558484,time,Leipzig,spanBuf,mid
LGF-Leipzig-150-80000-1--maxScore-160000-interBuf-3135-time,0.920534742162776,0.970622974464956,0.953975485304961,0.8203838000507,0.960211981358847,0.739399453482007,0.635860252662666,0.676798125548098,0.949845527503968,0.742047605407895,0.637943656891811,0.665228634216374,1,0.699721190656568,0.567434314385789,0.607477444213111,time,Leipzig,interBuf,large
LGF-Leipzig-150-80000-1--maxScore-160000-spanBuf-16226-time,0.934718754622778,0.963635091710856,0.967573140266822,0.81610384436336,0.926295737776382,0.679190788884274,0.576573767763796,0.599907741548066,0.928592393019106,0.687026937076468,0.568920718787055,0.625302142013974,1,0.664710868108146,0.541566216874444,0.507156903322801,time,Leipzig,spanBuf,large
LGF-Leipzig-150-80000-2--maxScore-160000-interBuf-2685-time,0.937113216777081,0.99409989220133,1,0.830725804859846,0.933363151794858,0.73272116913698,0.668478168706916,0.667084097328126,0.931341289597573,0.736504501310441,0.697004298695639,0.693403102077551,0.987149597555017,0.720700454148127,0.56484099904248,0.586824079478749,time,Leipzig,interBuf,large
LGF-Leipzig-150-80000-2--maxScore-160000-spanBuf-14782-time,0.931873747322013,0.993166406829926,0.996700853205041,0.779220846942767,0.942485515515498,0.698205763315815,0.63010920286374,0.635634337975869,0.926538075755655,0.696918735092128,0.649624019510673,0.647537372738036,1,0.674962084075193,0.551651889010127,0.572607862010916,time,Leipzig,spanBuf,large
LGF-Leipzig-150-80000-3--maxScore-160000-interBuf-3008-time,0.946981668081002,0.9944062563012,0.991310807085005,0.834954447075108,0.94613624494182,0.677927353099623,0.572586560934429,0.623585892146176,0.934673987196409,0.691552012778901,0.607756114322358,0.620996976676324,1,0.66939265420731,0.489768148038016,0.540211855407908,time,Leipzig,interBuf,large
LGF-Leipzig-150-80000-3--maxScore-160000-spanBuf-14698-time,0.941574961472334,0.996969356397362,1,0.841317985774753,0.909712846790692,0.678093010436552,0.563014731742006,0.59063514236519,0.894309042520866,0.62695936251689,0.577264391494222,0.605667171537375,0.978465242091801,0.653161629507569,0.492153347812754,0.525286608770273,time,Leipzig,spanBuf,large
LGF-Leipzig-50-80000-1--maxScore-160000-interBuf-3307-time,0.842932120221466,0.913724599997848,0.899182996701866,0.770502566470287,0.902218804978399,0.657289089620466,0.59292356742035,0.592323974872888,0.90197256668447,0.681107574661108,0.601148139651881,0.612958588839181,1,0.568656338953372,0.41199499586025,0.422295257813408,time,Leipzig,interBuf,small
LGF-Leipzig-50-80000-1--maxScore-160000-spanBuf-13989-time,0.90102513038278,0.931731292620649,0.918598604501096,0.786110692040778,0.892569399905321,0.667763881865554,0.630702690530638,0.677727256946787,0.888596445035498,0.686970305861655,0.66081908721279,0.614016041198443,1,0.62217107617722,0.35442181370267,0.327895608205418,time,Leipzig,spanBuf,small
LGF-Leipzig-50-80000-2--maxScore-160000-interBuf-4608-time,0.916602514568008,0.949012362939765,0.944442764941487,0.818352788481644,0.958043538856449,0.713689838448059,0.658449274972448,0.675581722731913,0.956570646563135,0.729816440271111,0.683929005623651,0.677985169509051,1,0.66508522529341,0.459224839373463,0.486164532168726,time,Leipzig,interBuf,small
LGF-Leipzig-50-80000-2--maxScore-160000-spanBuf-14600-time,0.922763884179609,0.933979782878968,0.914936694437962,0.75521000757399,0.878267131564308,0.594138377962626,0.520279136741335,0.560321973449938,0.872040447085556,0.597921565540696,0.53507742881404,0.545771400189937,1,0.531713214226477,0.329118237535576,0.324964767554849,time,Leipzig,spanBuf,small
LGF-Leipzig-50-80000-3--maxScore-160000-interBuf-2882-time,0.956516977752073,0.980673486171204,0.990500698073166,0.862834291290784,0.987228758920982,0.770183356233041,0.719463014170086,0.712433238068949,0.988081893157835,0.794834457462147,0.72848261278668,0.690637766715977,1,0.716909550210375,0.516969398043098,0.463208017734189,time,Leipzig,interBuf,small
LGF-Leipzig-50-80000-3--maxScore-160000-spanBuf-15715-time,0.925742782464369,0.972707608810307,0.977760382663551,0.84564137673188,0.93133932107195,0.646034993231789,0.572276658883665,0.637101769427942,0.922694637141492,0.669900501666225,0.584167586087149,0.647470063003891,1,0.616096870332048,0.493905813601938,0.50212948508516,time,Leipzig,spanBuf,small
